,title,author,type,content,url
0,,"C.B.

Báo Nhân dân, số 429, ngày 6",Thơ mới năm chữ,"Thuở phe phái hục nhau túi bụi,
Đồng bào Nam nhiều nỗi truân chiên.
Vì Ngô Đình Diệm rồ điên,
Mỹ kia can thiệp, mà nên nỗi này.
Hàng nghìn dân chết lây vô tội,
Hàng muôn người hấp hối bị thương.
Mười muôn nhà cháy ngổn ngang,
Đầy trời khói lửa, đầy đàng tàn tro.
Thương hại cho đồng bào công giáo,
Bị Xa tăng lừa đảo di cư,
Nhà tan, của hết, xác xơ,
Gặp cơn loạn lạc, trông nhờ vào ai!
Trộm cướp lại thẳng tay giết hại,
Chúng nhằm vào các trại di cư,
Kêu trời, trời chỉ làm ngơ,
Đoái kêu làng xóm, bây giờ xa xăm!
Bi thảm thay, hàng trăm em nhỏ,
Bị bắn vào vỡ sọ, tan xương.
Nhiều em chết gục bên đường,
Nhiều em chết cháy, thảm thương xiết nào!
Căm thù này trả sao đây nhỉ?
Nhân dân ta nhất trí kết đoàn,
Đuổi quân can thiệp hung tàn,
Chúng ta thống nhất giang san nước nhà,
Nước nhà ta, ta làm người chủ,
Vận mệnh ta, ta giữ trong tay,
Nước non vẫn nước non này,
Cờ treo độc lập, nền xây hoà bình.",https://www.thivien.net/H%E1%BB%93-Ch%C3%AD-Minh/Chinh-ph%E1%BB%A5-ng%C3%A2m-m%E1%BB%9Bi/poem-xyDTeg9AXjbQy71HjNHO9w
1,,[Thông tin 2 nguồn tham khảo đã được ẩn],Thơ mới năm chữ,"Ngô Đình Diệm tay sai của Mỹ
Dám tự xưng “Chí sĩ” cứu tinh.
Nhiều trò dơ dáng dại hình
Tự mình nó gắn cho mình 6.T.
Thứ nhất là trò hề 
Trò thứ hai là  lon
Ba là  cô hồn.",https://www.thivien.net/H%E1%BB%93-Ch%C3%AD-Minh/6-T-c%E1%BB%A7a-M%E1%BB%B9-Di%E1%BB%87m/poem-cKYw0G7WXAxhUcJZM3EAnA
2,Nước non quanh quất trông càng thêm đau.,"1906

Theo bản của Võ Văn Sạch sưu tầm được. Á Tế Á ca nghĩa là bài ca Châu Á, còn có tên gọi khác là Đề tỉnh quốc dân ca (Bài ca thức tỉnh quốc dân), Nam hải bô thần ca (Bài ca của một bề tôi trốn tránh người biển Nam), là một bài thơ diễn ca yêu nước được lưu truyền tại Việt Nam nửa đầu thế kỷ XX. Trong ba tên gọi khác nhau đã biết của bài thơ tên gọi Á Tế Á ca được nhiều người biết đến hơn cả.

Về tác giả của bài ca, cho đến nay người thì cho là tham tán Nguyễn Thiện Thuật, người khác thì cho là Tăng Bạt Hổ, Phan Bội Châu, Nguyễn Thượng Hiền, Dương Bá Trạc, Trần Tán Bình. Theo Quách Tấn (trong Hương vườn xưa), năm 1905 thì Nguyễn Thiện Thuật, Phan Bội Châu, Nguyễn Thượng Hiền đều không ở Nhật. Thêm nữa, đoạn kết đã kể rõ việc “đổng khốc” khi Nhật hoàng ban rượu là câu chuyện được kể nhiều về Tăng Bạt Hổ.

Tăng Bạt Hổ sau khi phong trào Cần Vương tan rã đến cùng Lưu Vĩnh Phúc. Sau làm thuỷ thủ một tàu buôn, qua lại Trường Kỳ, Hoành Tân, rồi xung vào thuỷ quân Nhật Bản. Ông có công lớn trong các trận Đại Liên, Lữ Thuận, được Nhật hoàng thưởng huy chương quân công. Trong bữa tiệc Nhật hoàng khao thưởng các tướng sĩ thắng trận năm 1905, ông có tham dự. Nhật hoàng tự rót rượu thưởng, ông uống cạn rồi khóc lớn, kể nỗi nước mất nhà tan, ai nghe cũng cảm động. Sau đó ông xin viện binh về Việt Nam đánh Pháp, Thủ tướng Khuyển Dưỡng Nghị khuyên nên lo phát triển tinh thần duy tân trong nước trước đã, và hứa giúp du học sinh Việt Nam được phép cư trú ở Nhật và được miễn học phí. Ông sau đò bèn về nước cùng Phan Bội Châu gây phong trào Đông Du.

[Thông tin 3 nguồn tham khảo đã được ẩn]",Thơ mới năm chữ,"Cờ tự lập đứng đầu phất trước,
Nhật Bản kia vốn nước đồng văn,
Thái Đông nổi hiệu duy tân,
Nhật Hoàng là đấng anh quân ai bì?
Dòng Thần Vũ riêng về một họ,
Vùng Phù Tang soi tỏ góc trời,
Kể đời trăm hai mươi hai,
Năm hai nghìn lẻ năm mươi có thừa.
Sẵn cơ hội trời đưa lại đó,
Chốn kinh thành Thần Hộ mới dời sang.
Dẹp Mạc Phủ, bỏ phiên bang,
Đổi dòng chính sóc, thay đường y quan.
Khắp trong nước dân đoàn xã hội,
Nhà học đường đã ngoại ba muôn.
Việc kỹ nghệ, việc bán buôn,
Nơi lò hấp bát, nơi khuôn đúc đồng.
Chè, lụa, tơ, gai, bông, nhung, vũ,
Mọi đồ sơn, vân mẫu, pha lê.
Dao với quạt, tán với xe,
Đủ mùi hải lục, hợp nghề nông thương.
Bốn lăm triệu kể lương dân số,
Các sắc quân ước độ triệu người.
Chu vi mặt đất rộng dài,
Tính vuông Pháp lý bốn mươi vạn thừa.
Bốn mốt huyện năm xưa mới đổi,
Đầu Nại Xuyên mà cuối Lộc Nhi.
Đông Kinh ba phủ cận kỳ,
Ngoài thì Đại Bản, trong thì kinh đô.
Tỉnh Bắc Hải dư đồ quanh bể,
Huyện Xung Thằng chưa kể đất Lưu Cầu.
Gò Đối Mã bốn bể sâu,
Nghiêm Đồng đặt súng, Trúc Phu đỗ tàu.
Nhà dây thép đâu đâu cũng đặt,
Truyền thông thương khắp mặt ngoại dương.
Kìa thiết lộ, nọ ngân hàng,
Đăng đàn, báo quán, ngổn ngang phụ đầu.
Cuộc biến pháp năm đầu Minh Trị,
Ba mươi năm dân trí mở mang,
Chữ Hán tự, chữ Tây dương,
Mọi bài diễn thuyết, các phường chuyên môn.
Đất Đại Bản mở đồn đúc súng,
Xưởng Đông Kinh riêng cũng một toà.
Trường Kì thuyền cục mấy nhà,
Dã Tân, Tu Hạ ấy là hải quân.
Tàu với súng trăm phần chấn chỉnh,
Lại ngư lôi bác đĩnh ai tày.
Quan quân luyện tập đêm ngày,
Mọi nghề so với Thái Tây kém gì.
Đội mã bộ, lục sư các trấn.
Từ Hà Di đến tận Tát Ma.
Tám đạo rộng, bốn gò xa,
Phú sơn cao ngất, Tỳ Bà trong veo.
Tướng, tá, uý, cũng theo Tây lệ,
Đủ vương binh, pháo vệ chỉnh tề,
Đồng bào nghĩa khí gớm ghê,
Cái thù nô lệ, ắt thề giả xong.
Năm Giáp Ngọ đùng đùng sóng gió,
Vượt quân sang thẳng trỏ Đại Hàn.
Quân Lục Áo, tướng Thái Sơn,
Ra tay cho biết cái gan anh hùng.
Đông tam tỉnh thu trong tay áo,
Bọn trắng da ngơ ngáo giật mình,
Cuộc hoà đâu bất thình lình,
Chủ trương này dễ Nga đình vẽ khôn.
Bụng ái quốc ghê hồn Nhật Bản,
Giận xung quan khôn cản nghĩa đồng cừu.
Đã toan trở súng quay tàu,
Y Đằng can khéo mưu sâu vãn hồi.
Nhận bồi khoản Bành, Đài nhượng địa,
Trong mười năm rồi sẽ chịu nhau.
Nga kia nước lớn lại giàu,
Bên giường giấc ngáy, dễ hầu chịu yên,
Hàn với Mãn lợi quyền thu sạch,
Xe Nhĩ Tân, tàu lạch Sâm Uy.
Cõi Đông đương cuộc an nguy,
Có ta, ta phải phù trì chúng ta.
Việc khai hấn chắc là quyết liệt,
Đất Á Đông thấy huyết phen này.
Giáp Thìn trong tháng Chạp tây,
Chiến thư hai nước đợi ngày giao tuy.
Trận thứ nhất Cao Ly lừng tiếng,
Khắp toàn cầu muôn miệng đều khen.
Sa trường xung đột mấy phen,
Ngọn cờ Áp Lục, tiếng kèn Liêu Đông.
Châu Lữ Thuận mơ màng khói bạc,
Thành Phụng Thiên ngơ ngác non xanh.
Hải quân một trận tan tành,
Thái Hoa cắt núi, Đông Thanh xẻ đường.
Sức hùng vũ ai đương lại được,
May điều đình có nước Hoa Kỳ.
Khéo điều hoà cuộc giải vi,
Nếu không Bỉ Đắc còn đâu là đời.
Hội vạn quốc diễn bài thương nghị,
Chấu mới voi chuyện cũng nực cười.
Xem trong hoà khoản mười hai,
Bề nào Nga cũng chịu lui trăm phần.
Cuộc tang hải khuất thân từng lúc,
Áng liệt cường nay cũng chen vai.
Khen thay Nhật Bản anh tài,",https://www.thivien.net/T%C4%83ng-B%E1%BA%A1t-H%E1%BB%95/%C3%81-T%E1%BA%BF-%C3%81-ca/poem-0yl8klCawCG7uCQeeAVGTA
3,Từ nay danh dự còn dài về sau.,"1906

Theo bản của Võ Văn Sạch sưu tầm được. Á Tế Á ca nghĩa là bài ca Châu Á, còn có tên gọi khác là Đề tỉnh quốc dân ca (Bài ca thức tỉnh quốc dân), Nam hải bô thần ca (Bài ca của một bề tôi trốn tránh người biển Nam), là một bài thơ diễn ca yêu nước được lưu truyền tại Việt Nam nửa đầu thế kỷ XX. Trong ba tên gọi khác nhau đã biết của bài thơ tên gọi Á Tế Á ca được nhiều người biết đến hơn cả.

Về tác giả của bài ca, cho đến nay người thì cho là tham tán Nguyễn Thiện Thuật, người khác thì cho là Tăng Bạt Hổ, Phan Bội Châu, Nguyễn Thượng Hiền, Dương Bá Trạc, Trần Tán Bình. Theo Quách Tấn (trong Hương vườn xưa), năm 1905 thì Nguyễn Thiện Thuật, Phan Bội Châu, Nguyễn Thượng Hiền đều không ở Nhật. Thêm nữa, đoạn kết đã kể rõ việc “đổng khốc” khi Nhật hoàng ban rượu là câu chuyện được kể nhiều về Tăng Bạt Hổ.

Tăng Bạt Hổ sau khi phong trào Cần Vương tan rã đến cùng Lưu Vĩnh Phúc. Sau làm thuỷ thủ một tàu buôn, qua lại Trường Kỳ, Hoành Tân, rồi xung vào thuỷ quân Nhật Bản. Ông có công lớn trong các trận Đại Liên, Lữ Thuận, được Nhật hoàng thưởng huy chương quân công. Trong bữa tiệc Nhật hoàng khao thưởng các tướng sĩ thắng trận năm 1905, ông có tham dự. Nhật hoàng tự rót rượu thưởng, ông uống cạn rồi khóc lớn, kể nỗi nước mất nhà tan, ai nghe cũng cảm động. Sau đó ông xin viện binh về Việt Nam đánh Pháp, Thủ tướng Khuyển Dưỡng Nghị khuyên nên lo phát triển tinh thần duy tân trong nước trước đã, và hứa giúp du học sinh Việt Nam được phép cư trú ở Nhật và được miễn học phí. Ông sau đò bèn về nước cùng Phan Bội Châu gây phong trào Đông Du.

[Thông tin 3 nguồn tham khảo đã được ẩn]",Thơ mới năm chữ,"Ngồi mà nghĩ thêm sầu lại tủi,
Nước Nam mình gặp buổi truân chuyên.
Dã man quen thói ngu hèn,
Cũng như Minh Trị dĩ tiền khác đâu.
Từ giống khác mượn màu bảo hộ,
Mưu hùm tinh, lừa lũ voi già.
Non sông thẹn với nước nhà,
Vua là tượng gỗ, dân là thân trâu.
Việc dây thép, việc tàu, việc pháo,
Việc luyện binh, việc giáo học trường,
Việc công nghệ, việc nông thương,
Việc khai mỏ khoáng, việc đường hoả xa.
Giữ các việc chẳng qua người nước,
Kẻ chức bồi, người tước culi.
Thông ngôn kí lục chi chi,
Mãn đời lính tập, trọn vì quan sang.
Các thức thuế các làng thêm mãi,
Hết đinh điền rồi lại trâu bò.
Thuế chó cũi, thuế lợn bò,
Thuế diêm, thuế tửu, thuế đò, thuế xe.
Thuế các chợ, thuế trà, thuế thuốc,
Thuế môn bài, thuế nước, thuế đèn.
Thuế nhà cửa, thuế chùa chiền,
Thuế rừng tre gỗ, thuế thuyền bán buôn.
Thuế gò, thuế bãi, thuế cồn,
Thuế người chức sắc, thuế con hát đàn.
Thuế dầu mật, thuế đàn đĩ thoã,
Thuế gạo rau, thuế lúa, thuế bông.
Thuế tơ, thuế sắt, thuế đồng,
Thuế chim, thuế cá, khắp trong lưỡng kỳ.
Các thức thuế kể chi cho xiết,
Thuế xia kia mới thật lạ lùng,
Làm cho thập thất cửu không,
Làm cho xơ xác, khốn cùng chưa thôi.
Lại nghe nỗi Lào Cai, Yên Bái,
So muôn người như giải lũ tù.
Ăn cho ngày độ vài xu,
Việc làm gian khổ, công phu lạ lùng.
Độc thay phong chướng nghìn trùng,
Nước sâu quẳng xác, hang cùng chất xương.
Nỗi diệt giống bề lo bề sợ,
Người giống ta biết có còn không?
Nói ra sởn gáy động lòng,
Cha con khóc lóc, vợ chồng thở than.
Cũng có lúc bầm gan tím ruột,
Vạch trời kêu mà tuốt gươm ra.
Cũng xương cũng thịt cũng da,
Cùng hòn máu đỏ, giống nhà Lạc Long.
Thế mà chịu trong vòng trói buộc,
Bốn mươi năm nhơ nhuốc lầm than.
Thương ôi! Bách Việt giang san,
Văn minh đã sẵn, khôn ngoan có thừa.
Hồn mê mẩn tỉnh chưa, chưa tỉnh?
Anh em ta phải tính nhường sao.
Đôi bên, bên nọ, bên cừu,
Họ khôn phải học, cừu sâu phải đền.
Việc tân học phải đem dựng nước,
Hội dân đoàn, cả nước với nhau.
Sự buôn phải lấy làm đầu.
Mọi nghề cũng ghé địa cầu một vai.
Bây giờ kể còn dài chưa hết,
Chữ tự do xin kết bên lòng.
Gương Nhật Bản đất Á Đông,
Giống ta, ta phải soi trông kẻo nhầm.
Bốn mươi triệu đồng tâm nhất đức,
Mãnh hổ kia đem sức với quần dương.
Hiệu cờ nổi chữ tự cường,
Thay bầy nô lệ làm phường văn minh.
Kìa thuở trước như Anh, Pháp, Đức,
Cũng chẳng qua cùng cực tắc thông,
Hoạ may trời có chiều lòng,
Việt Nam dựng lại, phương Đông có mình.
Thân phiêu bạt đã đành vô lại,
Bấy nhiêu năm Thượng Hải, Hoành Tân.
Chinh Nga nhân lúc hoàn quân,
Tủi mình bô bá, theo chân khải hoàn.
Bưng chén rượu ân ban hạ tiệp,
Gạt hàng châu khép nép quỳ tâu,
Thiên Nam mù mịt ngàn dâu,
Gió Tây như thồi dạ sầu năm canh.
Biết bao nỗi bất bình khôn giải.
Mượn bút hoa mà cải quốc âm,
Thân giàn bao quản cát lầm,
Khuyên ai đúc chữ đồng tâm sau này.",https://www.thivien.net/T%C4%83ng-B%E1%BA%A1t-H%E1%BB%95/%C3%81-T%E1%BA%BF-%C3%81-ca/poem-0yl8klCawCG7uCQeeAVGTA
4,,"Khảo dị:
Ai đi qua đò Do mới biết,
Dòng nước trong, xanh ‡ biết là bao.
Gái thời da đỏ hồng hào,
Mắt đen lay láy người nào chẳng yêu.


Chú thích:
[1]
Thuộc xã Hoằng Phương, huyện Hoằng Hoá, tỉnh Thanh Hoá.


[Thông tin 1 nguồn tham khảo đã được ẩn]",Thơ mới năm chữ,"Ai đi qua đò Do[1] mới biết,
Dòng nước trong, xanh biếc[2] là bao.
Gái thời da đỏ hồng hào,
Mắt đen lay láy người nào chẳng yêu.",https://www.thivien.net/Khuy%E1%BA%BFt-danh-Vi%E1%BB%87t-Nam/Ai-%C4%91i-qua-%C4%91%C3%B2-Do-m%E1%BB%9Bi-bi%E1%BA%BFt/poem-pNZaEid1pelM2yxFISj7bA
5,,[Thông tin 1 nguồn tham khảo đã được ẩn],Thơ mới năm chữ,"Ai kêu ai hú bên sông,
Tôi đang sắm sửa cho chồng xuống ghe.
Chồng xuống ghe, quạt che, tay ngoắt,
Cất mái chèo, ruột thắt từng cơn.
Đi đâu cho thiếp đi cùng,
Đói no thiếp chịu, lạnh lùng thiếp cam.",https://www.thivien.net/Khuy%E1%BA%BFt-danh-Vi%E1%BB%87t-Nam/Ai-k%C3%AAu-ai-h%C3%BA-b%C3%AAn-s%C3%B4ng/poem-wjchC4e7nkskMgue56gw5g
6,,[Thông tin 1 nguồn tham khảo đã được ẩn],Thơ mới năm chữ,"Ai nỡ lòng nào vác sào thọc cá,
Ai nỡ lòng nào lấy ná bắn chim.
Xứng đôi mà chẳng xứng duyên,
Gái trau phận gái, trai phiền phận trai.",https://www.thivien.net/Khuy%E1%BA%BFt-danh-Vi%E1%BB%87t-Nam/Ai-n%E1%BB%A1-l%C3%B2ng-n%C3%A0o-v%C3%A1c-s%C3%A0o-th%E1%BB%8Dc-c%C3%A1/poem-TP53IgATtyXsrTOabZzqtg
7,,"1910

[Thông tin 2 nguồn tham khảo đã được ẩn]",Thơ mới năm chữ,"Nay ta hát một thiêncâu ái quốc,
Yêu gì hơn yêu nước nhà ta.
Trang nghiêmNghiêm trang bốn mặt sơn hà,
Ông cha ta để lại cho ta lọ vàng.
Trải mấy lớp tiền vương dựng mở,
Bốn ngàn năm giãi gió dầm mưa,
Biết bao công của người xưa,
Gang sông, tấc núi, dạ thưadạ dưa, ruột tằm.
Hào Đại Hải âm thầm trước mặtầm ầm trước mắt,
Dải Cửu Long quanh quất miền Tây,
Một toà san sát xinh thay,
BênBắc kia Vân, Quảng, bênNam này Côn Lôn.
Vẻ gấm vóc nước non thêm đẹp.
RắpChắc những mong cơ nghiệp dài lâu.
Giống khôn há phải đàn trâu,
Giang sơn nỡ để người đâu vẫy vùng?
Hai mươiHăm lăm triệu dânngười cùng của hết,
BốnSáu mươi năm nước mất quyền không.
Thương ôi! công nghiệp tổ tông,
Nước tanhBiển tuôn máu đỏchảy, non chồng thịt cao.
Non nước ấy biết bao máu mủ.
Nỡ nào đem nuôi lũ sài lang?
Cờ ba sắc, xứ Đông Dương,
Trông càng thêm nhục, nói càng thêm đau!
Nhục vì nước, mà đau người trước,
Nông nỗi này, non nước cũng oan.
Hồn ơi về với giang san,
Muôn người muôn tiếng hát ranvang câu này:
“Hợp muôn sức ra tay quang phục;
Quyết có phenphen này rửa nhục báo thù...”
MấyMột câu ái quốc reo hò,
Chữ đồng tâm ấyXin người trong nước phải cho một lòng.",https://www.thivien.net/Phan-B%E1%BB%99i-Ch%C3%A2u/%C3%81i-qu%E1%BB%91c/poem-xTTlHcqLe1mLqb5z0nMc4Q
8,,"Năm 1792, vua Quang Trung mất, bà còn trẻ đã trở thành một goá phụ. Đây là bài Ai tư vãn, thi phẩm của Ngọc Hân công chúa mà nhiều người như ông Thuần Phong đã nói trong sách Chinh phụ ngâm khúc giảng luận (do Á Châu xuất bản), công nhận là chịu ảnh hưởng bản dịch Chinh phụ ngâm của bà Đoàn Thị Điểm.",Thơ mới năm chữ,"Gió hiu hắt, phòng tiêu lạnh lẽo,
Trước thềm lan hoa héo ron ron!
Cầu Tiên khói toả đỉnh non,
Xe rồng thăm thẳm, bóng loan rầu rầu!
Nỗi lai lịch dễ hầu than thở,
Trách nhân duyên mờ lỡ cớ sao?
Sầu sầu, thảm thảm xiết bao,
Sầu đầy giạt bể, thảm cao ngất trời!
Từ cờ thắm trỏ vời cõi Bắc,
Nghĩa tôn phò vằng vặc bóng dương,
Rút dây vâng mệnh phụ hoàng,
Thuyền lan, chèo quế thuận đường vu qui.
Trăm ngàn dặm quản chi non nước,
Chữ nghi gia mừng được phải duyên,
Sang yêu muôn đội ơn trên,
Rỡ ràng vẻ thuý, nối chen tiếng cầm.
Lượng che chở, vụng lầm nào kể,
Phận đinh ninh cặn kẽ mọi lời,
Dầu rằng non nước biến dời,
Nguồn tình ắt chẳng chút vơi đâu là.
Lòng đùm bọc thương hoa đoái cội,
Khắp tôn thân cũng đội ơn sang,
Miếu đường còn dấu chưng thường,
Tùng thu còn rậm mấy hàng xanh xanh.
Nhờ hồng phúc, đôi cành hoè quế,
Đượm hơi dương, dây rễ cùng tươi.
Non Nam lần chúc tuổi trời,
Dâng câu thiên bảo, bày lời Hoa phong.
Những ao ước trập trùng tuổi hạc,
Nguyền trăm năm ngõ được vầy vui,
Nào hay sông cạn, bể vùi,
Lòng trời tráo trở, vận người biệt ly!
Từ nắng hạ, mưa thu trái tiết,
Xót mình rồng mỏi mệt chẳng yên!
Xiết bao kinh sợ lo phiền,
Miếu thần đã đảo, thuốc tiên lại cầu.
Khắp mọi chốn đâu đâu tìm rước.
Phương pháp nào đổi được cùng chăng?
Ngán thay, máy Tạo bất bằng!
Bóng mây thoắt đã ngất chừng xe loan!
Cuộc tụ, tán, bi, hoàn kíp bấy!
Kể sum vầy đã mấy năm nay?
Lênh đênh chút phận bèo mây,
Duyên kia đã vậy, thân này nương đâu!
Trằn trọc luống đêm thâu, ngày tối,
Biết cậy ai dập nỗi bi thương?
Trong mong luống những mơ màng,
Mơ hồ bằng mộng, bàng hoàng như say.
Khi trận gió, hoa bay thấp thoáng,
Ngỡ hương trời bảng lảng còn đâu:
Vội vàng sửa áo lên chầu,
Thương ôi, quạnh quẽ trước lầu nhện chăng!
Khi bóng trăng, lá in lấp lánh,
Ngỡ tàn vàng nhớ cảnh ngự chơi:
Vội vàng dạo bước tới nơi,
Thương ơi, vắng vẻ giữa trời tuyết sa!
Tưởng phong thể xót xa đòi đoạn,
Mặt rồng sao cách dán lâu nay!
Có ai chốn ấy về đây,
Nguồn cơn xin ngỏ cho hay được lành?
Nẻo u minh khéo chia đôi ngả,
Nghĩ đòi phen, nồng nã đòi phen!
Kiếp này chưa trọn chữ duyên,
Ước xin kiếp khác vẹn tuyền lửa hương.
Nghe trước có đấng vương Thang, Võ,
Công nghiệp nhiều, tuổi thọ thêm cao;
Mà nay áo vải, cờ đào,
Giúp dân, dựng nước biết bao công trình!
Nghe rành rành trước vua Nghiêu, Thuấn,
Công đức dày, ngự vận càng lâu;
Mà này lượng cả, ơn sâu,
Móc mưa rưới khắp chín châu đượm nhuần.
Công dường ấy mà nhân dường ấy,
Cõi thọ sao hẹp bấy hoá công?
Rộng cho chuộc được tuổi rồng,
Đổi thân ắt hẳn bõ lòng tôi ngươi.
Buồn thay nhẽ! sương rơi, gió lọt,
Cảnh đìu hiu, thánh thót châu sa!
Tưởng lời di chúc thiết tha,
Khóc nào nên tiếng, thức mà cũng mê!
Buồn thay nhẽ! xuân về, hoa ở,
Mối sầu riêng ai gỡ cho xong!
Quyết liều mong vẹn chữ tòng,
Trên rường nào ngại, giữa dòng nào e.
Còn trứng nước thương vì đôi chút,
Chữ tình thâm chưa thoát được đi!
Vậy nên nấn ná đòi khi,
Hình tuy còn ở, phách thì đã theo;
Theo buổi trước ngự đèo Bồng đảo,
Theo buổi sau ngự nẻo sông Ngân,
Theo xa thôi lại theo gần,
Theo phen điện quế, theo lần nguồn hoa.
Đương theo, bỗng tiếng gà sực tỉnh,
Đau đớn thay, ấy cảnh chiêm bao!
Mơ màng thêm nỗi khát khao,
Ngọc kinh chốn ấy ngày nào tới nơi!
Tưởng thôi lại bồi hồi trong dạ,
Nguyện đồng sinh sao đã kíp phai.
Xưa sao sớm hỏi, khuya bày,
Nặng lòng vàng đá, cạn lời tóc tơ.
Giờ sao bỗng thờ ơ lặng lẽ!
Tình cô đơn, ai kẻ xét đâu?
Xưa sao gang tấc gần chầu,
Trước sân phong nguyệt, trên lầu sinh ca,
Giờ sao bỗng cách xa đôi cõi,
Tin hàn huyên khôn hỏi thăm nhanh!
Nửa cung gẫy phím cầm lành,
Nỗi con côi cút, nỗi mình bơ vơ!
Nghĩ nông nỗi, ngẩn ngơ đòi lúc,
Tiếng tử qui thêm giục lòng thương!
Não người thay cảnh tiên hương!
Dạ thường quanh quất mắt thường ngóng trông.
Trông mái đông: lá buồm xuôi ngược,
Thấy mênh mông những nước cùng mây!
Đông rồi thì lại trông tây:
Thấy non ngân ngất, thấy cây rườm rà!
Trông nam: thấy nhạn sa lác đác!
Trông bắc: thấy ngàn bạc màu sương!
Nọ trông trời đất bốn phương,
Cõi tiên khơi thẳm biết đường nào đi!
Cậy ai có phép gì tới đó,
Dâng vật thường, xin ngỏ lòng trung:
Này gương là của Hán cung,
Ơn trên xưa đã soi chung đòi ngày.
Duyên hảo hợp xót rày nên lẻ!
Bụng ai hoài vội ghẽ vì đâu?
Xin đưa gương ấy về chầu,
Ngõ soi cho tỏ gót đầu trông ơn.
Tưởng linh sảng nhơn nhơn còn dấu,
Nỗi sinh cơ có thấu cho không?
Cung xanh đang tuổi ấu sung,
Di mưu sao nỡ quên lòng đoái thương?
Gót lân chỉ mấy hàng lẩm chẩm,
Đầu mũ mao, mình tấm ái gai!
U ơ ra trước hương đài,
Tường quang cảnh ấy chua cay dường nào!
Trong sáu viện ố đào, ủ liễu,
Xác ve gầy, lỏng lẻo xiêm nghê!
Long đong xa cách hương quê,
Mong theo: lầm lối; mong về: tủi duyên!
Dưới bệ ngọc, hàng uyên vò võ,
Cất chân tay thương khó xiết chi!
Hang sâu nghe tiếng thương bi,
Kẻ sơ còn thế, huống gì người thân?
Cảnh ly biệt nhiều phần bát ngát,
Mạch sầu tuôn, ai tát cho vơi!
Càng trông càng một xa vời,
Tấc lòng thảm thiết, chín trời biết chăng?
Buồn trông trăng, trăng mờ thêm tủi:
Gương Hằng Nga đã bụi màu trong!
Nhìn gương càng thẹn tấm lòng,
Thiên duyên lạnh lẽo, đêm đông biên hà.
Buồn xem hoa, hoa buồn thêm thẹn:
Cánh hải đường đã quyện giọt sương!
Trông chim càng dễ đoạn trường:
Uyên ương chiếc bóng, phượng hoàng lẻ đôi.
Cảnh nào cũng ngùi ngùi cảnh ấy.
Tiệc vui mừng còn thấy chi đâu!
Phút giây bãi biển nương dâu,
Cuộc đời là thế, biết hầu nài sao?
Chữ tình nghĩa trời cao, đất rộng,
Nỗi đoạn trường còn sống, còn đau!
Mấy lời tâm sự trước sau,
Đôi vầng nhật nguyệt trên đầu chứng cho.",https://www.thivien.net/Ng%E1%BB%8Dc-H%C3%A2n-c%C3%B4ng-ch%C3%BAa/Ai-t%C6%B0-v%C3%A3n/poem-IvrJaAuQMRdSETQs6RvqVg
9,Khoan dung ngay thẳng hẳn là sống lâu.,,Thơ mới năm chữ,"Nước chân chính, lòng trời cũng thuận,
Quan thanh liêm dân hẳn yên lòng
Vợ hiền là phúc nhà chồng,",https://www.thivien.net/Nguy%E1%BB%85n-B%E1%BB%89nh-Khi%C3%AAm/An-ph%E1%BA%ADn/poem-GyL6g12gyaY8IRm3hkOPIg
10,Các con hiếu thảo thì lòng cha yên.,,Thơ mới năm chữ,"Dẫu có tài giỏi chớ nên khoe khoác,
Nhiễu sự sao bằng được an nhàn.
Bốn mùa ấm lạnh xuềnh xoàng,
Nói năng thận trọng rõ ràng được yên.
Của dễ được tất nhiên dễ mất,
Được vất vả thì mất khó khăn.
Làm thong thả việc chắc ăn
Việc đời muôn sự khó khăn ban đầu.
Người xưa nói những câu triết lý:
Vào núi bắt hổ dễ như chơi,
Còn khi mở miệng dạy người,
Khó khăn nhiều lắm, liệu lời đắn đo.
Quân tử cần ăn no uống đủ,
Không cầu kỳ cốt giữ bình yên.
Trò tìm thầy học dễ tìm,",https://www.thivien.net/Nguy%E1%BB%85n-B%E1%BB%89nh-Khi%C3%AAm/An-ph%E1%BA%ADn/poem-GyL6g12gyaY8IRm3hkOPIg
11,Thầy tìm trò tựa mò kim đáy hồ.,,Thơ mới năm chữ,"Việc chia chác chẳng lo ít ỏi,
Chỉ đáng lo cái tội không đều.
Không lo hoàn cảnh túng nghèo,
Chỉ lo xã hội nhiều điều bất công.
Quá nham hiểm bởi lòng tham lắm.
Quá nhẫn tâm lòng hẳn quá tàn.",https://www.thivien.net/Nguy%E1%BB%85n-B%E1%BB%89nh-Khi%C3%AAm/An-ph%E1%BA%ADn/poem-GyL6g12gyaY8IRm3hkOPIg
12,,"Khảo dị:
Áo rách vai, vá hoài vá huỷ,
Mẹ có chồng không nghĩ đến con.
‡ Bữa ăn năm bảy đĩa ngon,
Dọn cho cha ghẻ, để con ‡ nhịn thèm.
Áo rách vai, vá hoài vá huỷ,
Mẹ có chồng không nghĩ đến con.
Trái bầu trái ‡ bì còn non,
Cầm dao cắt ruột, bỏ con sao đành.
Áo rách ‡ vai vá hoài vá huỷ,
‡ Sao em có chồng ‡ chẳng nghĩ đến ‡ anh?


[Thông tin 2 nguồn tham khảo đã được ẩn]",Thơ mới năm chữ,"Áo rách vai, vá hoài vá huỷ,
Mẹ có chồng không nghĩ đến con.
Trái bầu trái bí còn non,
Cầm dao cắt ruột, bỏ con sao đành.",https://www.thivien.net/Khuy%E1%BA%BFt-danh-Vi%E1%BB%87t-Nam/%C3%81o-r%C3%A1ch-vai-v%C3%A1-ho%C3%A0i-v%C3%A1-hu%E1%BB%B7/poem-rd6KBuKKwWvD-X2MgTiFvg
13,Phải bon chen bành trướng cái “tôi” (!),"Nguồn: Tuệ Thiền, Đường về minh triết, NXB Văn nghệ, 2007",Thơ mới năm chữ,"Của không nhiều, nhưng anh tri túc
Sáng lương tri: kho báu vĩnh hằng…
Em chê dở, kém tài, chậm tiến",https://www.thivien.net/Tu%E1%BB%87-Thi%E1%BB%81n/Tri-t%C3%BAc/poem-wRXj5nzvbudUwsxlBL23oQ
14,"Phải học khôn ô lại, quan tham (!)","Nguồn: Tuệ Thiền, Đường về minh triết, NXB Văn nghệ, 2007",Thơ mới năm chữ,"Em không đẹp, nhưng anh an phận
Năm tháng trôi qua giữa thanh bình…
Em… mỉm cười khen anh hiền triết:
“Tri túc” rồi, đời hoá tươi xinh!",https://www.thivien.net/Tu%E1%BB%87-Thi%E1%BB%81n/Tri-t%C3%BAc/poem-wRXj5nzvbudUwsxlBL23oQ
15,,[Thông tin 1 nguồn tham khảo đã được ẩn],Thơ mới năm chữ,"Trong lễ hội kẻ cười người khóc
Trong nỗi buồn có nhỏ nhoi tôi",https://www.thivien.net/Tr%E1%BA%A7n-%C4%90%C3%ACnh-Nh%C3%A2n/Trong-l%E1%BB%85-h%E1%BB%99i/poem-psSGwvEPtZvzlqaXuQjeuw
16,,En,Thơ mới năm chữ,"Và cuối cùng chỉ còn lại En-xa
Bao giấc mộng, bấy lần thơ bị giết
Hồn thế kỷ chớp trên nghìn trang viết
Trang vô cùng: Đôi mắt En-xa...",https://www.thivien.net/Nguy%E1%BB%85n-S%C4%A9-%C4%90%E1%BA%A1i/V%C3%A0-cu%E1%BB%91i-c%C3%B9ng-ch%E1%BB%89-c%C3%B2n-l%E1%BA%A1i-En-xa/poem-Z-ahD6DJaPu_CmkwZrLElw
17,Một thoáng cười yêu thoả khát khao.,[Thông tin 2 nguồn tham khảo đã được ẩn],Thơ mới năm chữ,"- Vì sao giáp mặt buổi đầu tiên,
Tôi đã đày thân giữa xứ phiền,
Không thể vô tình qua trước cửa,",https://www.thivien.net/Xu%C3%A2n-Di%E1%BB%87u/V%C3%AC-sao/poem-W3i8No9RQTltEyAqgt6qKA
18,Biết rằng gặp gỡ đã vô duyên? -,[Thông tin 2 nguồn tham khảo đã được ẩn],Thơ mới năm chữ,"Ai đem phân chất một mùi hương
Hay bản cầm ca! Tôi chỉ thương,
Chỉ lặng chuồi theo dòng xảm xúc,",https://www.thivien.net/Xu%C3%A2n-Di%E1%BB%87u/V%C3%AC-sao/poem-W3i8No9RQTltEyAqgt6qKA
19,Như thuyền ngư phủ lạc trong sương.,[Thông tin 2 nguồn tham khảo đã được ẩn],Thơ mới năm chữ,"Làm sao cắt nghĩa được tình yêu!
Có nghĩa gì đâu, một buổi chiều
Nó chiếm hồn ta bằng nắng nhạt,",https://www.thivien.net/Xu%C3%A2n-Di%E1%BB%87u/V%C3%AC-sao/poem-W3i8No9RQTltEyAqgt6qKA
20,"Bằng mây nhè nhẹ, gió hiu hiu...",[Thông tin 2 nguồn tham khảo đã được ẩn],Thơ mới năm chữ,"Cô hãy là nơi mấy khóm dừa
Dầm chân trong nước, đứng say sưa,
Để tôi là kẻ qua sa mạc",https://www.thivien.net/Xu%C3%A2n-Di%E1%BB%87u/V%C3%AC-sao/poem-W3i8No9RQTltEyAqgt6qKA
21,Tạm lánh hè gay; - thế cũng vừa.,[Thông tin 2 nguồn tham khảo đã được ẩn],Thơ mới năm chữ,"Rồi một ngày mai, tôi sẽ đi.
Vì sao, ai nỡ bỏ làm chi!
Tôi khờ khạo lắm, ngu ngơ quá,
Chỉ biết yêu thôi, chẳng hiểu gì.",https://www.thivien.net/Xu%C3%A2n-Di%E1%BB%87u/V%C3%AC-sao/poem-W3i8No9RQTltEyAqgt6qKA
22,,[Thông tin 1 nguồn tham khảo đã được ẩn],Thơ mới năm chữ,"Cửa kín, chòm mây cuốn nẻo xa
Ngu ngơ đếm chữ, mắt hoa nhòa
Tay buồn vuốt mãi tờ hương rã;
Phảng phất mưa qua mấy cụm nhà.",https://www.thivien.net/Tu%E1%BB%87-S%E1%BB%B9/10/poem-7IpFegm1cONvzaZNUcRGew
23,,[Thông tin 1 nguồn tham khảo đã được ẩn],Thơ mới năm chữ,"Ve mùa hạ chợt về thành phố
Khóm cây già che nắng hoang lương
Đám bụi trắng cuốn lên đầu ngõ
Trên phím đàn lặng lẽ tàn hương
Tiếng ve dội lăn tăn nốt nhỏ
Khóc mùa hè mà khô cả đại dương.",https://www.thivien.net/Tu%E1%BB%87-S%E1%BB%B9/11/poem-1FxePTdxEPh4yUrJUIHhyQ
24,,[Thông tin 1 nguồn tham khảo đã được ẩn],Thơ mới năm chữ,"Một ngày chơi vơi đỉnh thác;
Nghe bồn chồn tiếng gọi hư không.
Giai điệu nhỏ dồn lên đôi mắt
Mặt hồ im ánh nước chập chờn.
Mặt hồ im, tảng màu man mác.
Ảnh tượng mờ, một chút sương trong.
Quãng im lặng thời gian nặng hạt;
Tôi nghe đời trong tẩu khúc Thiên hoang.",https://www.thivien.net/Tu%E1%BB%87-S%E1%BB%B9/15/poem-2uiwfrJDimFQJPbqFlzOiA
25,,[Thông tin 1 nguồn tham khảo đã được ẩn],Thơ mới năm chữ,"Hơi thở ngưng từ đáy biển sâu
Mênh mông sắc ảo dậy muôn màu
Một trời sao nhỏ xoay khung cửa
Khoảnh khắc Thiên hà ánh hỏa châu.",https://www.thivien.net/Tu%E1%BB%87-S%E1%BB%B9/17/poem-gctrEHD7YwiOB2nG-MI5WQ
26,"Thật hay hư, chiều nhỏ ưu phiền.",[Thông tin 1 nguồn tham khảo đã được ẩn],Thơ mới năm chữ,"Chiều như thế, cung trầm khắc khoải.
Rát đầu tay nốt nhạc triền miên.
Ôm dấu lặng, nhịp đàn đứt vội.
Anh ở đâu, khói lụa ngoài hiên ?",https://www.thivien.net/Tu%E1%BB%87-S%E1%BB%B9/2/poem-nekxVtYldHz4Ik_gYoAGjA
27,,[Thông tin 1 nguồn tham khảo đã được ẩn],Thơ mới năm chữ,"Ta bay theo đốm lửa lập lòe
Chập chờn trên hoang mạc mùa hè
Khung trời nghiêng xuống nửa
Bên rèm nhung đôi mắt đỏ hoe
Thăm thẳm chòm sao Chức nữ
Heo hút đường về.",https://www.thivien.net/Tu%E1%BB%87-S%E1%BB%B9/4/poem-lY2bFqX25Xu1vLPnzWsjAQ
28,,,Thơ mới năm chữ,"Người qua biên giới trình hộ chiếu
Gió qua biên giới mây chào mời",https://www.thivien.net/Nguy%E1%BB%85n-Ng%E1%BB%8Dc-O%C3%A1nh/08/poem-hR5TTcC3xNrv15hpsUuLoQ
29,,,Thơ mới năm chữ,"Sinh lực của đất trắng đầu rễ
Tơ non của trời biếc ngọn cây",https://www.thivien.net/Nguy%E1%BB%85n-Ng%E1%BB%8Dc-O%C3%A1nh/20/poem-o-DSiDannnLtdxkxgFaO2A
30,Sống tạm cho qua một kiếp người.,Bài thơ Tây Tiến của nhà thơ Quang Dũng.,Thơ mới năm chữ,"“Áo sờn thay chiếu anh về đất”
Mây đầu ô trắng, Ba Vì xanh
Gửi hồn theo mộng về tây tiến
Sông Mã gầm lên khúc độc hành.",https://www.thivien.net/Xu%C3%A2n-S%C3%A1ch/27/poem-PIuGlv5nEpCkhSvDjNqP6A
31,,"Những tác phẩm Xung đột, Mùa lạc, Họ sống và chiến đấu, Cha và con, và... của nhà văn Nguyễn Khải.",Thơ mới năm chữ,"Cha và con... và họ hàng và...
Hết bay mùa thóc lẫn mùa lạc
Cho nên chiến sĩ thiếu lương ăn
Họ sống chiến đấu càng khó khăn
Tháng ba ở Tây Nguyên đỏ lửa
Tháng tư lại đi xa hơn nữa
Đường đi ra đảo đường trong mây
Những người trở về mấy ai hay
Xung đột mỗi ngày thêm gay gắt
Muốn làm cách mạng nhưng lại dát!",https://www.thivien.net/Xu%C3%A2n-S%C3%A1ch/29/poem-_3J6cXZIxFHNCgtX6U-E4w
32,,,Thơ mới năm chữ,"Xoắn mãi dây tình thơ bật ra
Paris thì thích hơn ở nhà
Đông y ắt hẳn hơn tây dược
Xe tải không bằng xe Volga
Trên đời kim cương là quí nhất
Thứ đến tình thương dân nghèo ta
Em chớ cho anh già lẩm cẩm
Còn hơn thằng trẻ lượn Honda.",https://www.thivien.net/Xu%C3%A2n-S%C3%A1ch/36/poem-g-c41G65ovrenuPv0kxFyg
33,Sổ mất còn thơ nhớ lại dần.,,Thơ mới năm chữ,"Hè phố đèn khuya thả bước chân
Cùng nhau chia một gói xôi đêm
Bao năm sống, học nơi miền Bắc",https://www.thivien.net/Tr%E1%BA%A7n-%C4%90%C3%B4ng-Phong/40-n%C4%83m-b%C3%A0i-5/poem-BGHmVEbIu09RHcyJ2eBASA
34,Từ bấy làm ăn lại đất Nam.,,Thơ mới năm chữ,"Tụ tập anh em sao chẳng thấy 
Liên hoan mỗi bữa bạn thưa dần
Việc, nhà trăm mối ai mà trách",https://www.thivien.net/Tr%E1%BA%A7n-%C4%90%C3%B4ng-Phong/40-n%C4%83m-b%C3%A0i-5/poem-BGHmVEbIu09RHcyJ2eBASA
35,Hội lớp năm nay chắc sẽ đông.,,Thơ mới năm chữ,"Quế Lâm năm trước vui cùng gặp
Chữa bệnh đau lưng, bác sỹ Trần
Thăm thú Quảng Châu thêm ẩm thực",https://www.thivien.net/Tr%E1%BA%A7n-%C4%90%C3%B4ng-Phong/40-n%C4%83m-b%C3%A0i-5/poem-BGHmVEbIu09RHcyJ2eBASA
36,"Phạm Hồng Thái mộ, Hoàng Hoa Cương.",,Thơ mới năm chữ,"Con ngựa thời gian vút rất mau
Sáu mươi năm sắp thành hư ảo
Vần thơ, bức ảnh may còn lại
Cú gạt cuộc đời nhắm thật lâu.",https://www.thivien.net/Tr%E1%BA%A7n-%C4%90%C3%B4ng-Phong/40-n%C4%83m-b%C3%A0i-5/poem-BGHmVEbIu09RHcyJ2eBASA
37,trời xanh xao chân nhỏ cũng không về,"1967

Bài thơ này đã được nhạc sĩ Từ Công Phụng phổ nhạc thành bài hát Trên ngọn tình sầu.

[Thông tin 1 nguồn tham khảo đã được ẩn]",Thơ mới năm chữ,"cây mộng nở từng ngón tay lá nõn
nôi tương tư cỏ ấm thịt da người
tôi hiu hắt từ mắt em ngát tạnh",https://www.thivien.net/Du-T%E1%BB%AD-L%C3%AA/67-Kh%C3%BAc-th%C3%AAm-cho-Huy%E1%BB%81n-Ch%C3%A2u/poem-bhl8lRYYEF2yNKAf2xxFIA
38,môi thâm khô từ thuở định xin hôn,"1967

Bài thơ này đã được nhạc sĩ Từ Công Phụng phổ nhạc thành bài hát Trên ngọn tình sầu.

[Thông tin 1 nguồn tham khảo đã được ẩn]",Thơ mới năm chữ,"ngày tháng hạ khi không mà trở rét
em khi không mà trở mặt điêu ngoa
tay trông ngóng hương đưa mùi tóc mạ",https://www.thivien.net/Du-T%E1%BB%AD-L%C3%AA/67-Kh%C3%BAc-th%C3%AAm-cho-Huy%E1%BB%81n-Ch%C3%A2u/poem-bhl8lRYYEF2yNKAf2xxFIA
39,ngọn me xa thở ký ức rì rào,"1967

Bài thơ này đã được nhạc sĩ Từ Công Phụng phổ nhạc thành bài hát Trên ngọn tình sầu.

[Thông tin 1 nguồn tham khảo đã được ẩn]",Thơ mới năm chữ,chiều qua đó chân ai còn ríu rít,https://www.thivien.net/Du-T%E1%BB%AD-L%C3%AA/67-Kh%C3%BAc-th%C3%AAm-cho-Huy%E1%BB%81n-Ch%C3%A2u/poem-bhl8lRYYEF2yNKAf2xxFIA
40,lời ai say cho trời đất lại gần,"1967

Bài thơ này đã được nhạc sĩ Từ Công Phụng phổ nhạc thành bài hát Trên ngọn tình sầu.

[Thông tin 1 nguồn tham khảo đã được ẩn]",Thơ mới năm chữ,"kỷ niệm tôi từ những ngày vỡ tiếng
nhẩn nha gom từng cọng thiết tha rơi
con dế nhỏ lớn lên đằm tiếng hát
khi đêm về ru giọng đớn đau hơn
cây niên thiếu cũng thui mầm trong sáng",https://www.thivien.net/Du-T%E1%BB%AD-L%C3%AA/67-Kh%C3%BAc-th%C3%AAm-cho-Huy%E1%BB%81n-Ch%C3%A2u/poem-bhl8lRYYEF2yNKAf2xxFIA
41,lá oan khiên lả tả mái hiên người,"1967

Bài thơ này đã được nhạc sĩ Từ Công Phụng phổ nhạc thành bài hát Trên ngọn tình sầu.

[Thông tin 1 nguồn tham khảo đã được ẩn]",Thơ mới năm chữ,"tôi èo uột từ những ngày cả gió
con dế buồn tự tử giữa đêm sương
bầy sẻ cũ cũng qua đời lặng lẽ
ngọn me xưa già khọm tiếc thương hờ
em ở đó bờ sông còn ấm cát
con sóng tình vỗ mãi một âm quên",https://www.thivien.net/Du-T%E1%BB%AD-L%C3%AA/67-Kh%C3%BAc-th%C3%AAm-cho-Huy%E1%BB%81n-Ch%C3%A2u/poem-bhl8lRYYEF2yNKAf2xxFIA
42,Khi trở về ta lại là ta,"Câu “Chào 61, đỉnh cao muôn trượng” trong bài thơ Bài ca mùa xuân 1961 của nhà thơ Tố Hữu.",Thơ mới năm chữ,"Từ ấy tim tôi ngừng tiếng hát
Trông về Việc Bắc tít mù mây
Nhà càng lộng gió thơ càng nhạt
Máu ở chiến trường, hoa ở đây",https://www.thivien.net/Xu%C3%A2n-S%C3%A1ch/69/poem-JSFFp5get0Z-co-aRdeARQ
43,Ngang cửa A Tỳ thấy chốn quen,,Thơ mới năm chữ,"Cứ tưởng mưa xong có nắng vàng
Tới sông tìm mãi chuyến đò ngang
Bỗng nhìn thấy ở trong lưu lạc",https://www.thivien.net/Nguy%C3%AAn-Sa/A-T%E1%BB%B3/poem-FaLR9Wlq5ZFO1vVZQ4PLoA
44,Có ngọn lưu đày chỗ cuối đêm,,Thơ mới năm chữ,"Cánh cửa ngang qua thế giới buồn
Tống biệt hồng sang tống biệt đen
Em mang điệp khúc về đâu đó",https://www.thivien.net/Nguy%C3%AAn-Sa/A-T%E1%BB%B3/poem-FaLR9Wlq5ZFO1vVZQ4PLoA
45,Ta tưởng chừng như giã biệt em,,Thơ mới năm chữ,"Chết một ngàn năm chắc phải sầu
Nhưng này thương nhớ lúc xa nhau
Mịt mù nhân thế trôi biền biệt
Giữa vị sầu nghe có vị đau.",https://www.thivien.net/Nguy%C3%AAn-Sa/A-T%E1%BB%B3/poem-FaLR9Wlq5ZFO1vVZQ4PLoA
46,,,Thơ mới năm chữ,"Chuồng cọp đêm tàn trăng ác mộng
Gió xổng tù cỏ ống u u",https://www.thivien.net/L%C3%AA-%C4%90%E1%BA%A1t/%C3%81c-m%E1%BB%99ng/poem-ET9NzCxPRFI8dm-flJv-Eg
47,Tay cầm mà những nôn nao,,Thơ mới năm chữ,"Bồi hồi vân vê ""ánh mắt""
Của mất mà em biết không?
Ao ước em đòi... trả lại
Cho lòng tiện giải tình ngông
 
Rồi trong ngây thơ háo hức 
Em đến, cho anh bất ngờ
Không đòi, em còn tặng nốt
Cả hồn trinh lẫn duyên mơ.",https://www.thivien.net/T%E1%BB%A5-Vinh/B%E1%BA%A5t-ng%E1%BB%9D/poem-BcGRAV26FxUaFo544ItBvw
48,,[Thông tin 1 nguồn tham khảo đã được ẩn],Thơ mới năm chữ,"Có những bài thơ cổ lỗ
Dường như quên rất lâu rồi
Chợt có một ngày nào đó
Bài thơ về với",https://www.thivien.net/Tr%E1%BA%A7n-Ninh-H%E1%BB%93/B%E1%BA%A5t-t%E1%BB%AD/poem-aZzlY0HgLPha5g56r0_uOQ
49,Cũng mang khuôn mặt hư hao,17/08/2012,Thơ mới năm chữ,"Dáng đông ngoài kia lấp ló
Đã nghe tiếng gọi giao mùa
Tôi thấy có người qua phố",https://www.thivien.net/Thu-Phong/B%C3%A2y-gi%E1%BB%9D-%C4%91ang-m%C3%B9a-l%C3%A1-r%E1%BB%A5ng/poem-RZxowarYULPMS3vMf0V8gA
50,Co mình trong áo lụa thưa,17/08/2012,Thơ mới năm chữ,"Bao nhiêu dư âm tha thiết
Cùng nhau đi dọc tháng ngày
Bao nhiêu ấm nồng da diết",https://www.thivien.net/Thu-Phong/B%C3%A2y-gi%E1%BB%9D-%C4%91ang-m%C3%B9a-l%C3%A1-r%E1%BB%A5ng/poem-RZxowarYULPMS3vMf0V8gA
51,Vẫn còn quanh quẩn đâu đây,17/08/2012,Thơ mới năm chữ,"Bây giờ đang mùa lá rụng
Biết người có kịp về không
Giấu thơ vào trong mắt lá
Hương thầm gửi đến cho nhau...",https://www.thivien.net/Thu-Phong/B%C3%A2y-gi%E1%BB%9D-%C4%91ang-m%C3%B9a-l%C3%A1-r%E1%BB%A5ng/poem-RZxowarYULPMS3vMf0V8gA
52,Ngoan hiền tựa một bờ môi,[Thông tin 1 nguồn tham khảo đã được ẩn],Thơ mới năm chữ,"Thành phố ở phía mặt trời
Nhìn về phương nào cũng nắng
Mình thương nhau như mùa hội",https://www.thivien.net/%C4%90%C3%A0o-An-Duy%C3%AAn/B%C3%A2y-gi%E1%BB%9D-m%C3%B9a-r%E1%BA%A5t-em-r%E1%BB%93i/poem-D3jHmy5s9q-VJ9EZwEw3VA
53,Tìm nhau từ nhịp chiêng ngân,[Thông tin 1 nguồn tham khảo đã được ẩn],Thơ mới năm chữ,"Vỉa hè một chỗ ngồi quen
Cà phê thơm vào ngày mới
Có bông hoa vừa nở vội",https://www.thivien.net/%C4%90%C3%A0o-An-Duy%C3%AAn/B%C3%A2y-gi%E1%BB%9D-m%C3%B9a-r%E1%BA%A5t-em-r%E1%BB%93i/poem-D3jHmy5s9q-VJ9EZwEw3VA
54,Vì mùa đã rất em rồi,[Thông tin 1 nguồn tham khảo đã được ẩn],Thơ mới năm chữ,"Lời hẹn dừng phía lưng đồi
Chờ người ghé về thăm phố
Con dốc hiền, bờ môi ngoan",https://www.thivien.net/%C4%90%C3%A0o-An-Duy%C3%AAn/B%C3%A2y-gi%E1%BB%9D-m%C3%B9a-r%E1%BA%A5t-em-r%E1%BB%93i/poem-D3jHmy5s9q-VJ9EZwEw3VA
55,Bàn tay ấm cơn mưa nhỏ,[Thông tin 1 nguồn tham khảo đã được ẩn],Thơ mới năm chữ,"Anh có trở về thành phố
Bây giờ mùa rất em rồi...",https://www.thivien.net/%C4%90%C3%A0o-An-Duy%C3%AAn/B%C3%A2y-gi%E1%BB%9D-m%C3%B9a-r%E1%BA%A5t-em-r%E1%BB%93i/poem-D3jHmy5s9q-VJ9EZwEw3VA
56,Mèo con trông thấy ngẩn ngơ.,"09/09/1997

[Thông tin 1 nguồn tham khảo đã được ẩn]",Thơ mới năm chữ,"Bé niềm tự hào ước mơ
Cô yêu, bạn quý...mong chờ
Cha mẹ nâng niu chắp cánh
Bay vào bầu trời tuổi thơ.",https://www.thivien.net/%C4%90%E1%BB%97-To%C3%A0n-Di%E1%BB%87n/B%C3%A9-%C4%91%C6%B0%E1%BB%A3c-c%E1%BA%AFm-c%E1%BB%9D/poem-HaVQ3dFDqJK1WqUu1vU8iw
57,Lớn rồi chả muốn nhờ cha,[Thông tin 1 nguồn tham khảo đã được ẩn],Thơ mới năm chữ,"Hai tay phải dương lấy nắp
Thứ đến, tót trèo lên ghế
Cũng không đòi mẹ phải bồng
Nhạc sĩ rất cần tư thế
Sách lót đít ngồi chễm chệ
Hai chân buông xuống lòng thòng
Tình tinh, tính tinh, tính tang
À quên! hãy còn sách nhạc
Vội quá sách bày lộn ngược
Đầu con thỏ con xuống đất",https://www.thivien.net/Ch%E1%BA%BF-Lan-Vi%C3%AAn/B%C3%A9-Th%E1%BA%AFm-%C4%91%C3%A0n/poem-vYd8w5YFWMOcUmab3sdr6g
58,"Với con, điều ấy không cần",[Thông tin 1 nguồn tham khảo đã được ẩn],Thơ mới năm chữ,"Chim kia ngoài vườn đang bay
Dế kia trước thềm say ngủ
Chúng mày có hay, có hay
Tập đàn cũng không phải bở
Phải xoè bàn tay ngón tay
Có những phím đàn tận cuối
Nằm bò cũng không với tới
Lại đàn chậm chậm mau mau
Phải hệt như đàn bác Khoát
Bác dim đôi mắt thế nào",https://www.thivien.net/Ch%E1%BA%BF-Lan-Vi%C3%AAn/B%C3%A9-Th%E1%BA%AFm-%C4%91%C3%A0n/poem-vYd8w5YFWMOcUmab3sdr6g
59,Còn phải dim cho giống bác...,[Thông tin 1 nguồn tham khảo đã được ẩn],Thơ mới năm chữ,"Tình tang, tính tinh, tính tang
Cô bé sáng ngày nghịch cóc
Giờ đây làm ấm không gian
Cha phải dừng tay rửa bát
Mẹ ngừng sách giữa chừng trang
Nắng ở trên cành theo hát
Con ong mê cải hoa vàng
Giữa muôn nghìn tiếng mai nay
Thầm thì nhựa rót cành cây
Tiếng gió thổi chùm lá mới
Xôn xao tiếng giục bò cày
Giữa bãi tiếng vồ đập đất
Ngoài xa tiếng nước sông trôi
Trong xóm tiếng gà cục tác
Sau mây, tiếng nắng mặt trời
Có phần của con chim chích
Đang gieo từng giọt sương tròn
Ấn lên phím đàn ríu rít
Có phần bé xíu tay thon",https://www.thivien.net/Ch%E1%BA%BF-Lan-Vi%C3%AAn/B%C3%A9-Th%E1%BA%AFm-%C4%91%C3%A0n/poem-vYd8w5YFWMOcUmab3sdr6g
60,- Mẹ ơi! mẹ có đau không?,,Thơ mới năm chữ,"Bé kề tai nghe em thở
Thật lâu, bé mới bảo rằng:
- Mẹ ơi! con không nghe được",https://www.thivien.net/Nguy%E1%BB%85n-L%C3%A3m-Th%E1%BA%AFng/B%C3%A9-v%C3%A0-em/poem-pRVzz9PTdUZ43U79Xb4edw
61,Hay bụng mẹ dày lên chăng?,,Thơ mới năm chữ,"Bé hôn thật sâu bụng mẹ
Bảo rằng: - Con hôn em rồi
Và bé hát ru khe khẽ:",https://www.thivien.net/Nguy%E1%BB%85n-L%C3%A3m-Th%E1%BA%AFng/B%C3%A9-v%C3%A0-em/poem-pRVzz9PTdUZ43U79Xb4edw
62,- À ơi! à ơi! à ơi!,,Thơ mới năm chữ,"Bé hỏi: - Ngày nào em lớn
Làm sao em bước ra nào?
Có phải bà Tiên không mẹ
Dắt em ra khỏi bụng bầu?",https://www.thivien.net/Nguy%E1%BB%85n-L%C3%A3m-Th%E1%BA%AFng/B%C3%A9-v%C3%A0-em/poem-pRVzz9PTdUZ43U79Xb4edw
63,Líu lo chim hót vang lừng,[Thông tin 1 nguồn tham khảo đã được ẩn],Thơ mới năm chữ,"Trong vườn Nội trồng đủ loại
Trái cây lủng lẳng trên cành
Mùa nào được ăn thức nấy",https://www.thivien.net/Tr%E1%BA%A7n-H%C3%A0-Y%C3%AAn/B%C3%A9-y%C3%AAu-thi%C3%AAn-nhi%C3%AAn/poem-_43WQ1DdkzpF3nrUMXbioQ
64,Bé không lo phải để dành,[Thông tin 1 nguồn tham khảo đã được ẩn],Thơ mới năm chữ,"Những hàng rau ăn thẳng tắp
Mơn mởn dưới ánh nắng hồng
Vài chú chuồn kim bé nhỏ",https://www.thivien.net/Tr%E1%BA%A7n-H%C3%A0-Y%C3%AAn/B%C3%A9-y%C3%AAu-thi%C3%AAn-nhi%C3%AAn/poem-_43WQ1DdkzpF3nrUMXbioQ
65,Đậu trên mấy luống cải ngồng,[Thông tin 1 nguồn tham khảo đã được ẩn],Thơ mới năm chữ,"Xa xa ngoài khu vườn ấy
Ruộng đồng thẳng cánh cò bay
Mấy cô áo nâu tát nước",https://www.thivien.net/Tr%E1%BA%A7n-H%C3%A0-Y%C3%AAn/B%C3%A9-y%C3%AAu-thi%C3%AAn-nhi%C3%AAn/poem-_43WQ1DdkzpF3nrUMXbioQ
66,Cánh diều no gió mê say,[Thông tin 1 nguồn tham khảo đã được ẩn],Thơ mới năm chữ,"Bé yêu thiên nhiên tươi đẹp
Nhảy nhót như chú chim sâu
Ba mẹ về đi làm nhé
Bé thương Nội… hổng về đâu!",https://www.thivien.net/Tr%E1%BA%A7n-H%C3%A0-Y%C3%AAn/B%C3%A9-y%C3%AAu-thi%C3%AAn-nhi%C3%AAn/poem-_43WQ1DdkzpF3nrUMXbioQ
67,Qua đò dưới những hạt mưa,"30.01.2011

[Thông tin 1 nguồn tham khảo đã được ẩn]",Thơ mới năm chữ,"Anh đứng bên bến đò xưa
Nhớ nhiều những sớm cùng trưa
Đôi ta cùng nhau bên bến",https://www.thivien.net/Ph%E1%BA%A1m-%C4%90%C3%ACnh-Nh%C3%A2n/B%C3%AAn-b%E1%BA%BFn-%C4%91%C3%B2-x%C6%B0a/poem-C5eV8fu5j85l_sEA1_Nigw
68,Chờ đò dưới ánh nắng trưa,"30.01.2011

[Thông tin 1 nguồn tham khảo đã được ẩn]",Thơ mới năm chữ,"Những ngày ấy đã lâu rồi
Anh còn nhớ mãi không thôi
Còn đâu hở người em gái",https://www.thivien.net/Ph%E1%BA%A1m-%C4%90%C3%ACnh-Nh%C3%A2n/B%C3%AAn-b%E1%BA%BFn-%C4%91%C3%B2-x%C6%B0a/poem-C5eV8fu5j85l_sEA1_Nigw
69,Làm anh xao xuyến bồi hồi,"30.01.2011

[Thông tin 1 nguồn tham khảo đã được ẩn]",Thơ mới năm chữ,"Em nay đang ở nơi đâu?
Làm anh đợi đã bấy lâu
Ngày ngày anh ra bến đợi",https://www.thivien.net/Ph%E1%BA%A1m-%C4%90%C3%ACnh-Nh%C3%A2n/B%C3%AAn-b%E1%BA%BFn-%C4%91%C3%B2-x%C6%B0a/poem-C5eV8fu5j85l_sEA1_Nigw
70,Dưới làn mưa rơi thấm đầu,"30.01.2011

[Thông tin 1 nguồn tham khảo đã được ẩn]",Thơ mới năm chữ,"Hôm nay lại đến bến xưa
Một mình anh giữa nắng trưa
Thầm mong em cùng đến bến
Như ta đợi đò khi xưa",https://www.thivien.net/Ph%E1%BA%A1m-%C4%90%C3%ACnh-Nh%C3%A2n/B%C3%AAn-b%E1%BA%BFn-%C4%91%C3%B2-x%C6%B0a/poem-C5eV8fu5j85l_sEA1_Nigw
71,Ngẩn ngơ nắng chiều ven sông.,"20/05/2015

Nguồn: Bên bến sông quê, NXB Hội Nhà văn, 2017",Thơ mới năm chữ,"Bên bến sông quê ngày xưa
Má hồng trầu thắm khoé môi
E ấp che nghiêng vành nón",https://www.thivien.net/L%C3%AA-Gia-Ho%C3%A0i/B%C3%AAn-b%E1%BA%BFn-s%C3%B4ng-qu%C3%AA/poem-pN_qQ8_3IxwRvcNs5FuN3w
72,Mẹ về làm dâu quê nội.,"20/05/2015

Nguồn: Bên bến sông quê, NXB Hội Nhà văn, 2017",Thơ mới năm chữ,"Bên bến sông quê ngày xưa
Tiễn cha lên đường nhập ngũ
Sóng lòng dội vào thương nhớ",https://www.thivien.net/L%C3%AA-Gia-Ho%C3%A0i/B%C3%AAn-b%E1%BA%BFn-s%C3%B4ng-qu%C3%AA/poem-pN_qQ8_3IxwRvcNs5FuN3w
73,Bóng mẹ chìm vào sương thu.,"20/05/2015

Nguồn: Bên bến sông quê, NXB Hội Nhà văn, 2017",Thơ mới năm chữ,"Bên bến sông quê hôm nay
Bình minh én bay rực rỡ
Tuổi thơ bên từng trang vở",https://www.thivien.net/L%C3%AA-Gia-Ho%C3%A0i/B%C3%AAn-b%E1%BA%BFn-s%C3%B4ng-qu%C3%AA/poem-pN_qQ8_3IxwRvcNs5FuN3w
74,Con vui niềm vui đến trường.,"20/05/2015

Nguồn: Bên bến sông quê, NXB Hội Nhà văn, 2017",Thơ mới năm chữ,"Bên bến sông quê hôm nay
Chị về áo mới xênh xang
Reo thơ vào từng vụ gặt",https://www.thivien.net/L%C3%AA-Gia-Ho%C3%A0i/B%C3%AAn-b%E1%BA%BFn-s%C3%B4ng-qu%C3%AA/poem-pN_qQ8_3IxwRvcNs5FuN3w
75,Rộn tiếng cười vui xóm làng.,"20/05/2015

Nguồn: Bên bến sông quê, NXB Hội Nhà văn, 2017",Thơ mới năm chữ,"Bên bến sông quê hôm nay
Anh về đón mùa sữa mới
Đồng chiều xanh trang cổ tích
Vĩnh Thịnh đẹp lắm người ơi!",https://www.thivien.net/L%C3%AA-Gia-Ho%C3%A0i/B%C3%AAn-b%E1%BA%BFn-s%C3%B4ng-qu%C3%AA/poem-pN_qQ8_3IxwRvcNs5FuN3w
76,,"Tiền Giang, 1985

Nguồn: Hàn Quốc Sinh, Nắng hạ, NXB Thanh niên, 2000",Thơ mới năm chữ,"Yêu nhau ánh mắt thay lời nói
Chỉ biết nhìn thôi mặt đỏ bừng
Không hiểu do đâu mà im lặng
Muốn tỏ cùng ai, lại ngại ngùng.",https://www.thivien.net/H%C3%A0n-Qu%E1%BB%91c-Sinh/%C3%81nh-m%E1%BA%AFt/poem-jHoteFaegLCZ4xds5FOJcA
77,,[Thông tin 1 nguồn tham khảo đã được ẩn],Thơ mới năm chữ,"Dây đàn khắc khoải giữa rừng sâu
Từng điểm âm ngân rất nhiệm mầu
Bến suối vô tình em rửa mặt
Hạt đàn vương lại mắt em sâu",https://www.thivien.net/Ph%E1%BA%A1m-Thi%C3%AAn-Th%C6%B0/%C3%81nh-m%E1%BA%AFt/poem-2s8w8r-xpUw5M8t34GKVaA
78,"Cả khi đang thức, khi ngủ rồi",[Thông tin 1 nguồn tham khảo đã được ẩn],Thơ mới năm chữ,"Sống chung em nhỉ, đời thêm nghĩa
Buồn sẽ vơi dần, vui đầy thêm
Lúc ốm anh không còn lo nghĩ",https://www.thivien.net/L%C3%BD-Ho%C3%A0i-Xu%C3%A2n/Anh-mu%E1%BB%91n-hai-ta/poem-fOrbYSZKJIw_9z0kkT_K3w
79,"Đêm dày, em chẳng sợ đi đêm",[Thông tin 1 nguồn tham khảo đã được ẩn],Thơ mới năm chữ,"Đường dẫu quanh co, lắm gập ghềnh
Có em, xe chở vẫn nhẹ thênh
Có anh, em vững lòng khi bão
Bốn mùa ta có bốn mùa xuân",https://www.thivien.net/L%C3%BD-Ho%C3%A0i-Xu%C3%A2n/Anh-mu%E1%BB%91n-hai-ta/poem-fOrbYSZKJIw_9z0kkT_K3w
80,"Thấy bóng em xa, đã giật mình.",[Thông tin 1 nguồn tham khảo đã được ẩn],Thơ mới năm chữ,"Em đến cho lòng anh đón lấy
Quả chanh, quyển sách, đoá hoa tươi.
Nghĩ thương một bóng em thân thiết",https://www.thivien.net/Xu%C3%A2n-Di%E1%BB%87u/Anh-n%E1%BA%B1m-b%E1%BB%87nh-vi%E1%BB%87n/poem-plgQP0HK8N2zw1z2kaeBmg
81,Đều đặn bên song sắt mỉm cười.,[Thông tin 1 nguồn tham khảo đã được ẩn],Thơ mới năm chữ,"Lúc khoẻ, khi vui, chuyện đã đành.
Quý khi đau ốm, lúc tàn canh,
Trong đời khó nhất lòng chung thuỷ.
Anh cảm ơn em vẹn tấm tình.",https://www.thivien.net/Xu%C3%A2n-Di%E1%BB%87u/Anh-n%E1%BA%B1m-b%E1%BB%87nh-vi%E1%BB%87n/poem-plgQP0HK8N2zw1z2kaeBmg
82,Xò tay mở ngục chúng còn run.,10,Thơ mới năm chữ,"Lưỡi máy chém chúng vừa mài lại;
Nhưng chúng sợ anh, mang bắn ngoài.
Anh bước lần cuối cùng duyệt trại",https://www.thivien.net/Huy-C%E1%BA%ADn/Anh-ng%C3%A3-xu%E1%BB%91ng-tr%E1%BB%9Di-v%E1%BB%ABa-h%E1%BB%ADng-s%C3%A1ng/poem-Ga8f2Nb3Upi3TH-jcKuaZA
83,"“Chào anh em! Chịu đựng, đừng khai!”",10,Thơ mới năm chữ,"“Nhớ Tổ quốc đau mà chịu khổ.
Đừng quên Tổ quốc, anh em ơi!”
Từ dãy xà lim vang sấm nổ:",https://www.thivien.net/Huy-C%E1%BA%ADn/Anh-ng%C3%A3-xu%E1%BB%91ng-tr%E1%BB%9Di-v%E1%BB%ABa-h%E1%BB%ADng-s%C3%A1ng/poem-Ga8f2Nb3Upi3TH-jcKuaZA
84,Những đồng chí của anh đáp lời.,10,Thơ mới năm chữ,"Ra ngoài cửa sắt mát cây cành,
Không khí thơm hăng mùi lá xanh.
Phút giữa nhà tù và trại bắn",https://www.thivien.net/Huy-C%E1%BA%ADn/Anh-ng%C3%A3-xu%E1%BB%91ng-tr%E1%BB%9Di-v%E1%BB%ABa-h%E1%BB%ADng-s%C3%A1ng/poem-Ga8f2Nb3Upi3TH-jcKuaZA
85,Chút hương đất nước dịt lòng anh.,10,Thơ mới năm chữ,"Lúc ấy vào khoảng năm giờ mai,
Trời mịt mù như còn chạng vạng.
Chúng vội giết anh, sợ ánh ngày.
Anh ngã xuống, trời vừa hửng sáng.",https://www.thivien.net/Huy-C%E1%BA%ADn/Anh-ng%C3%A3-xu%E1%BB%91ng-tr%E1%BB%9Di-v%E1%BB%ABa-h%E1%BB%ADng-s%C3%A1ng/poem-Ga8f2Nb3Upi3TH-jcKuaZA
86,Hứng gợi tình chung chuyện có đôi,"Sài Gòn, 05/12/2016",Thơ mới năm chữ,"Rồi mai bé hỡi không là bé!
Đã lớn làm anh quên lối về
Ở giữa thiên hà mông mênh quá",https://www.thivien.net/Ph%E1%BA%A1m-Tr%C6%B0%E1%BB%9Dng-Giang/%C3%81nh-nh%C3%ACn/poem-xIpWqTCWWjdUybNNWHzS3w
87,Có còn điểm tựa để anh mê?,"Sài Gòn, 05/12/2016",Thơ mới năm chữ,"Ừ cả đời em cô bé ơi!
Năng lượng tình anh có một thời
Mà chờ mà đợi vô biên ấy",https://www.thivien.net/Ph%E1%BA%A1m-Tr%C6%B0%E1%BB%9Dng-Giang/%C3%81nh-nh%C3%ACn/poem-xIpWqTCWWjdUybNNWHzS3w
88,Dũng mãnh làm sao đâu phải chơi?,"Sài Gòn, 05/12/2016",Thơ mới năm chữ,"Bé ơi, cho anh làm chàng mộng!
Ánh nhìn từ suối mắt rất trong
Đầy ma lực khiến hồn ngây dại
Sưởi ấm tình anh ngập căn phòng.",https://www.thivien.net/Ph%E1%BA%A1m-Tr%C6%B0%E1%BB%9Dng-Giang/%C3%81nh-nh%C3%ACn/poem-xIpWqTCWWjdUybNNWHzS3w
89,Ngàn xưa hỡi rạng ngời ngàn sau.,,Thơ mới năm chữ,"Anh nói với em về Bình Định 
Rừng dừa xanh quật khởi anh hùng
Trong kháng chiến núi rừng vây giặc 
Hồng Lĩnh ơi, chi bộ đầu tiên 
Bao liệt sĩ, anh hùng đã mất 
Những nghĩa trang nối dài nước mắt",https://www.thivien.net/Nguy%E1%BB%85n-Minh-Quang/Anh-n%C3%B3i-v%E1%BB%9Bi-em/poem-bvr3acZA7VtJgVPrbqCnjg
90,"Cho hôm nay, nhìn lại tự hào!",,Thơ mới năm chữ,"Anh nói với em về Bình Định
Đất thơ ca, văn vật hoàng thành 
Điệu bài chòi, hát bộ chân quê 
Sao lắng đọng mọi nẻo đi về 
Hồn dân tộc, mùa xuân hạnh phúc 
Chào Bình Định vươn tầm cao mới 
Để ngàn năm tiếp nối ngàn năm!",https://www.thivien.net/Nguy%E1%BB%85n-Minh-Quang/Anh-n%C3%B3i-v%E1%BB%9Bi-em/poem-bvr3acZA7VtJgVPrbqCnjg
91,"Đặng kiếm tìm anh, ngôi sao xanh.",8,Thơ mới năm chữ,"Em mọc trong hồn anh đăm đăm,
Mắt đen lay láy cháy đôi mầm.
Như dồn sức ấm mùa xuân lại,",https://www.thivien.net/Xu%C3%A2n-Di%E1%BB%87u/%C3%81nh-s%C3%A1ng/poem-jzOfbrJU0hLz-TyOByJrpw
92,Như mở chân trời ra vạn năm.,8,Thơ mới năm chữ,"Em bắt đầu anh. Em tái sinh
Cho anh. Anh tự thấy hai mình.
Ôm vầng ánh sáng em cho ấy,
Anh toả em ra từ trong anh.",https://www.thivien.net/Xu%C3%A2n-Di%E1%BB%87u/%C3%81nh-s%C3%A1ng/poem-jzOfbrJU0hLz-TyOByJrpw
93,Góp với đời ánh sáng lương tâm,2013,Thơ mới năm chữ,"Vứt bỏ tự hào và mặc cảm
Không theo đuôi vọng tưởng lưu truyền
Ngẩng cao đầu tư duy độc lập",https://www.thivien.net/Tu%E1%BB%87-Thi%E1%BB%81n/%C3%81nh-s%C3%A1ng-l%C6%B0%C6%A1ng-t%C3%A2m/poem-88YsfsciqVESYZt5sTx9Rw
94,Bất sá thói đời lắm đảo điên,2013,Thơ mới năm chữ,"Truyền trao học trò bao kiến thức
Học các em đạo lí làm người
Những ánh mắt nhân văn ngời sáng",https://www.thivien.net/Tu%E1%BB%87-Thi%E1%BB%81n/%C3%81nh-s%C3%A1ng-l%C6%B0%C6%A1ng-t%C3%A2m/poem-88YsfsciqVESYZt5sTx9Rw
95,Dạy cho mình soi lại cái “tôi”,2013,Thơ mới năm chữ,"Khi làm nhà giáo khi nông dân
Trải lòng cùng năm tháng phù vân
Hướng-Thượng-Tâm-Linh là ngọn đuốc
Góp với đời ánh sáng lương tâm.",https://www.thivien.net/Tu%E1%BB%87-Thi%E1%BB%81n/%C3%81nh-s%C3%A1ng-l%C6%B0%C6%A1ng-t%C3%A2m/poem-88YsfsciqVESYZt5sTx9Rw
96,ngập ngừng từ mười ngón tay thon,[Thông tin 1 nguồn tham khảo đã được ẩn],Thơ mới năm chữ,"Cả những mắt đen còn như lá
tươi xanh sót lại lúc chiều vàng
dĩ vãng còn nguyên tà áo gió",https://www.thivien.net/Nghi%C3%AAm-Huy%E1%BB%81n-V%C5%A9/%C3%81nh-s%C3%A1ng-m%E1%BB%99t-ng%C3%A0y/poem-xnQrcFWt1wKn-v3e3_-n4A
97,khoác từ khi mùa thu chớm sang,[Thông tin 1 nguồn tham khảo đã được ẩn],Thơ mới năm chữ,"Thế gian trong sạch và êm ả
chầm chậm ngưng trong khúc hát buồn
ánh sáng một ngày chưa kịp sống
lẽ nào dĩ vãng trước hoàng hôn",https://www.thivien.net/Nghi%C3%AAm-Huy%E1%BB%81n-V%C5%A9/%C3%81nh-s%C3%A1ng-m%E1%BB%99t-ng%C3%A0y/poem-xnQrcFWt1wKn-v3e3_-n4A
98,,Hai câu “Em không nghe mùa thu” và “Con nai vàng ngơ ngác” trong bài thơ Tiếng thu của Lưu Trọng Lư.,Thơ mới năm chữ,"Em không nghe mùa thu
Mùa thu chỉ có lá
Em không nghe rừng thu
Rừng mưa to gió cả
Em thích nghe mùa xuân
Con nai vàng ngơ ngác
Nó ca bài cải lương.",https://www.thivien.net/Xu%C3%A2n-S%C3%A1ch/37/poem-gpt5Oj2aIR64mqtulAy9yg
99,,,Thơ mới năm chữ,"Hoa đẹp vì sẽ tàn
Tình đẹp vì sẽ tan
Lệ xanh rơi từng đoạn
Đời đẹp những trái ngang",https://www.thivien.net/H%C3%A0-V%C4%83n-K%E1%BB%B3/376/poem-MsIVMHOCCagfVDZqR1dpyw
100,,Tác phẩm Mặt đường khát vọng của nhà thơ Nguyễn Khoa Điềm.,Thơ mới năm chữ,"Một mặt đường khát vọng
Cuộc chiến tranh đi qua
Rồi trở lại ngôi nhà
Đốt lên ngọn lửa ấm
Ngủ ngon a kai ơi
Ngủ ngon a kai à...",https://www.thivien.net/Xu%C3%A2n-S%C3%A1ch/38/poem-wiIt2mvpmjf0G-oL7NnQsA
101,Nơi ánh đèn le lói,[Thông tin 1 nguồn tham khảo đã được ẩn],Thơ mới năm chữ,"Ôm con trong bóng tối
Người mẹ cúi gục đầu
Vai gầy xoà tóc rối",https://www.thivien.net/Nguy%E1%BB%85n-Bao/4/poem-tPqMbf6wW5QHIKcR_v3cjw
102,Tiếng nấc nghẹn thương đau...,[Thông tin 1 nguồn tham khảo đã được ẩn],Thơ mới năm chữ,"Vua ân cần hỏi chuyện
Người mẹ kể đầu đuôi:
- ""Chồng đến phiên nộp mạng",https://www.thivien.net/Nguy%E1%BB%85n-Bao/4/poem-tPqMbf6wW5QHIKcR_v3cjw
103,Cho quỷ ăn thịt rồi!,[Thông tin 1 nguồn tham khảo đã được ẩn],Thơ mới năm chữ,"Xưa vốn ở chốn đây
Có một cây cổ thụ
Lá che rợp mặt trời",https://www.thivien.net/Nguy%E1%BB%85n-Bao/4/poem-tPqMbf6wW5QHIKcR_v3cjw
104,Nhưng bão rừng cuốn đổ,[Thông tin 1 nguồn tham khảo đã được ẩn],Thơ mới năm chữ,"Từ gốc nhà mọt ruỗng
Hoá thành giống Mộc Tinh
Bắt người ăn thịt sống",https://www.thivien.net/Nguy%E1%BB%85n-Bao/4/poem-tPqMbf6wW5QHIKcR_v3cjw
105,"Gây bao nỗi khiếp kinh...""",[Thông tin 1 nguồn tham khảo đã được ẩn],Thơ mới năm chữ,"Nghĩ thương dân đau khổ
Vua tìm đến cánh rừng
Nơi có cây cổ thụ",https://www.thivien.net/Nguy%E1%BB%85n-Bao/4/poem-tPqMbf6wW5QHIKcR_v3cjw
106,Quyết diệt mối hoạ chung,[Thông tin 1 nguồn tham khảo đã được ẩn],Thơ mới năm chữ,"Thấy kiếm loé hào quang
Sáng đỉnh rừng, măt suối
Mộc Tinh đã vội vàng",https://www.thivien.net/Nguy%E1%BB%85n-Bao/4/poem-tPqMbf6wW5QHIKcR_v3cjw
107,Lẩn mình vào bóng tối,[Thông tin 1 nguồn tham khảo đã được ẩn],Thơ mới năm chữ,"Lúc biến thành cây rừng
Khi hoá làm vách núi
Săn đuổi mấy tháng ròng",https://www.thivien.net/Nguy%E1%BB%85n-Bao/4/poem-tPqMbf6wW5QHIKcR_v3cjw
108,Chân Long Quân chẳng mỏi,[Thông tin 1 nguồn tham khảo đã được ẩn],Thơ mới năm chữ,"Vừa trọn một năm sau
Thêm vua cha giúp sức
Dân khắp miền kéo vào",https://www.thivien.net/Nguy%E1%BB%85n-Bao/4/poem-tPqMbf6wW5QHIKcR_v3cjw
109,Quanh khu rừng khép chặt,[Thông tin 1 nguồn tham khảo đã được ẩn],Thơ mới năm chữ,"Như một cơn gió lốc
Cuồn cuộn giữa rừng cây
Mộc Tinh nào trốn thoát",https://www.thivien.net/Nguy%E1%BB%85n-Bao/4/poem-tPqMbf6wW5QHIKcR_v3cjw
110,Giữa trùng trùng lưới vây,[Thông tin 1 nguồn tham khảo đã được ẩn],Thơ mới năm chữ,"Cây rung lá ào ào
Trận cuối cùng quyết liệt
Mộc Tinh hết phép màu",https://www.thivien.net/Nguy%E1%BB%85n-Bao/4/poem-tPqMbf6wW5QHIKcR_v3cjw
111,Phải cúi đầu khuất phục!,[Thông tin 1 nguồn tham khảo đã được ẩn],Thơ mới năm chữ,"Nhờ diệt tan ác quỷ
Đồi núi lại yên lành
Kẻ làm nương, hái củi
Tiếng người rộn rừng xanh",https://www.thivien.net/Nguy%E1%BB%85n-Bao/4/poem-tPqMbf6wW5QHIKcR_v3cjw
112,Xuôi theo những dòng sông...,[Thông tin 1 nguồn tham khảo đã được ẩn],Thơ mới năm chữ,"Vừa đến đất Long Biên
Dừng chân bờ sông Cái
Nghe đồn chuyện Ly Tinh",https://www.thivien.net/Nguy%E1%BB%85n-Bao/5/poem-db6lbOWdxpVGKmxt8Y4AVw
113,Dân khắp vùng sợ hãi,[Thông tin 1 nguồn tham khảo đã được ẩn],Thơ mới năm chữ,"Ly Tinh có chín đuôi
(Cáo già nghìn tuổi lẻ)
Lúc hoá phép làm người",https://www.thivien.net/Nguy%E1%BB%85n-Bao/5/poem-db6lbOWdxpVGKmxt8Y4AVw
114,Lúc biến thành ma quỷ...,[Thông tin 1 nguồn tham khảo đã được ẩn],Thơ mới năm chữ,"Bắt dân nhốt hang sâu
Đột lốtt người trà trộn
Gây bao nỗi khổ đau",https://www.thivien.net/Nguy%E1%BB%85n-Bao/5/poem-db6lbOWdxpVGKmxt8Y4AVw
115,Dân bỏ làng chạy trốn,[Thông tin 1 nguồn tham khảo đã được ẩn],Thơ mới năm chữ,"Lau sậy chen bờ hoang
Đất phù sa màu mỡ
Mà cỏ ngập đồng làng",https://www.thivien.net/Nguy%E1%BB%85n-Bao/5/poem-db6lbOWdxpVGKmxt8Y4AVw
116,Vì không người cày vỡ,[Thông tin 1 nguồn tham khảo đã được ẩn],Thơ mới năm chữ,"Khi Long Quân đến nơi
Xông thẳng vào hang núi
Ly Tinh thấy bóng người",https://www.thivien.net/Nguy%E1%BB%85n-Bao/5/poem-db6lbOWdxpVGKmxt8Y4AVw
117,Nhe nanh dài chồm tới,[Thông tin 1 nguồn tham khảo đã được ẩn],Thơ mới năm chữ,"Nhưng dẫu nghìn phép lạ
Vẫn thua mũi kiếm thần
Chém nát đầu ác thú",https://www.thivien.net/Nguy%E1%BB%85n-Bao/5/poem-db6lbOWdxpVGKmxt8Y4AVw
118,Vua đạp xác dưới chân,[Thông tin 1 nguồn tham khảo đã được ẩn],Thơ mới năm chữ,"Long Quân truyền lệnh gấp
Cứu bao người bị giam
Đoạn tháo sông tràn ngập",https://www.thivien.net/Nguy%E1%BB%85n-Bao/5/poem-db6lbOWdxpVGKmxt8Y4AVw
119,Nước mạnh lùa cửa hang,[Thông tin 1 nguồn tham khảo đã được ẩn],Thơ mới năm chữ,"Ào ào dòng sông Cái
Chảy xiết mấy đêm ròng
Núi cuốn theo nước xoáy",https://www.thivien.net/Nguy%E1%BB%85n-Bao/5/poem-db6lbOWdxpVGKmxt8Y4AVw
120,Thành mặt hồ mênh mông,[Thông tin 1 nguồn tham khảo đã được ẩn],Thơ mới năm chữ,"Và vùng đất ven hồ
Xưa lút đầu cỏ dại
Giờ bay mỏi cánh cò",https://www.thivien.net/Nguy%E1%BB%85n-Bao/5/poem-db6lbOWdxpVGKmxt8Y4AVw
121,Trên màu xanh lúa trải,[Thông tin 1 nguồn tham khảo đã được ẩn],Thơ mới năm chữ,"Bãi lầy thành vườn tược
Quá chín trĩu cành sây
Làng Hồ soi bóng nước
Lồng lộng mặt hồ Tây...",https://www.thivien.net/Nguy%E1%BB%85n-Bao/5/poem-db6lbOWdxpVGKmxt8Y4AVw
122,Hôm nay vỡ oà,"4/11/2023
Gạp gỡ các bạn IPB sau 50 năm.",Thơ mới năm chữ,"Bạn bè thân thiết
Từ thuở tóc xanh
Bây giờ nhìn lại",https://www.thivien.net/Thu-Phong/50-n%C4%83m-ng%C3%A0y-g%E1%BA%B7p-l%E1%BA%A1i/poem-h0RdITMlstCpxxlOvCpqXA
123,Mây bay bồng bềnh,"4/11/2023
Gạp gỡ các bạn IPB sau 50 năm.",Thơ mới năm chữ,"Ai từng thương nhớ
Ai từng giận hờn
Ai từng tranh cãi",https://www.thivien.net/Thu-Phong/50-n%C4%83m-ng%C3%A0y-g%E1%BA%B7p-l%E1%BA%A1i/poem-h0RdITMlstCpxxlOvCpqXA
124,Bao điều thiệt hơn,"4/11/2023
Gạp gỡ các bạn IPB sau 50 năm.",Thơ mới năm chữ,"Đã từng nắm tay
Đã từng xa cách
Đã từng vui vầy",https://www.thivien.net/Thu-Phong/50-n%C4%83m-ng%C3%A0y-g%E1%BA%B7p-l%E1%BA%A1i/poem-h0RdITMlstCpxxlOvCpqXA
125,Đã từng hờn trách,"4/11/2023
Gạp gỡ các bạn IPB sau 50 năm.",Thơ mới năm chữ,"Bàn tay nắm chặt
Như về ngày xưa
Không còn khoảng cách",https://www.thivien.net/Thu-Phong/50-n%C4%83m-ng%C3%A0y-g%E1%BA%B7p-l%E1%BA%A1i/poem-h0RdITMlstCpxxlOvCpqXA
126,Năm mươi năm này,"4/11/2023
Gạp gỡ các bạn IPB sau 50 năm.",Thơ mới năm chữ,"Rồi mình chia tay
Về muôn lối rẽ
Xin niềm nhớ khẽ
Dừng lại nơi này….",https://www.thivien.net/Thu-Phong/50-n%C4%83m-ng%C3%A0y-g%E1%BA%B7p-l%E1%BA%A1i/poem-h0RdITMlstCpxxlOvCpqXA
127,Nơi rì rầm sóng biển,[Thông tin 1 nguồn tham khảo đã được ẩn],Thơ mới năm chữ,"Nhà vua dừng ngựa lại
Một chiều bên biển Đông
Tiếng khóc đâu vẳng tới",https://www.thivien.net/Nguy%E1%BB%85n-Bao/6/poem-M4Fyj1emrqSmc3zJaz-UaA
128,Khiến Long Quân chạnh lòng,[Thông tin 1 nguồn tham khảo đã được ẩn],Thơ mới năm chữ,"Kìa xa trên bãi cát
Dân chài đứng xúm đông
Quanh xác thuyền sóng giạt",https://www.thivien.net/Nguy%E1%BB%85n-Bao/6/poem-M4Fyj1emrqSmc3zJaz-UaA
129,Giữa một ngày trời trong,[Thông tin 1 nguồn tham khảo đã được ẩn],Thơ mới năm chữ,"Gạt nước mắt tuôn ròng
Một ông già kể lại
Những đau khổ xé lòng",https://www.thivien.net/Nguy%E1%BB%85n-Bao/6/poem-M4Fyj1emrqSmc3zJaz-UaA
130,Để vua hay mọi nỗi,[Thông tin 1 nguồn tham khảo đã được ẩn],Thơ mới năm chữ,"- ""Chúng tôi dân chài lưới
Sống dựa vào biển khơi
Ngày biển lành sóng lặng",https://www.thivien.net/Nguy%E1%BB%85n-Bao/6/poem-M4Fyj1emrqSmc3zJaz-UaA
131,Mà chết oan bao người!,[Thông tin 1 nguồn tham khảo đã được ẩn],Thơ mới năm chữ,"Con cả đã ra khơi
Đi rồi không trở lại!
Nay còn đứa cháu trai",https://www.thivien.net/Nguy%E1%BB%85n-Bao/6/poem-M4Fyj1emrqSmc3zJaz-UaA
132,Xác cũng không được thấy!,[Thông tin 1 nguồn tham khảo đã được ẩn],Thơ mới năm chữ,"Cả một vùng duyên hải
Bao vợ trẻ mất chồng
Bao con thơ mất bố",https://www.thivien.net/Nguy%E1%BB%85n-Bao/6/poem-M4Fyj1emrqSmc3zJaz-UaA
133,"Nước mắt đầy biển Đông...""",[Thông tin 1 nguồn tham khảo đã được ẩn],Thơ mới năm chữ,"Ông già chỉ tay ra
Eo biển bên vách núi:
- ""Kẻ thù nào đâu xa",https://www.thivien.net/Nguy%E1%BB%85n-Bao/6/poem-M4Fyj1emrqSmc3zJaz-UaA
134,Chính nó còn ở đấy!,[Thông tin 1 nguồn tham khảo đã được ẩn],Thơ mới năm chữ,"Tên nó là Ngư Tinh
Vốn thuộc loài cá dữ
Sống ở đây bao đời",https://www.thivien.net/Nguy%E1%BB%85n-Bao/6/poem-M4Fyj1emrqSmc3zJaz-UaA
135,Không ai còn nhớ nữa,[Thông tin 1 nguồn tham khảo đã được ẩn],Thơ mới năm chữ,"Thân dài mấy con sào
Da mốc màu đá xám
Hai con mắt đỏ ngầu",https://www.thivien.net/Nguy%E1%BB%85n-Bao/6/poem-M4Fyj1emrqSmc3zJaz-UaA
136,Hằn những tia lửa giận,[Thông tin 1 nguồn tham khảo đã được ẩn],Thơ mới năm chữ,"Răng sắc mũi dao mài
Miệng sâu như đáy vực
Nuốt năm, bảy mạng người",https://www.thivien.net/Nguy%E1%BB%85n-Bao/6/poem-M4Fyj1emrqSmc3zJaz-UaA
137,Ngư Tinh chưa thoả sức!,[Thông tin 1 nguồn tham khảo đã được ẩn],Thơ mới năm chữ,"Dọc ngang trên mặt sóng
Khắp một vùng biển xanh
Giở trăm, ngàn phép quỷ",https://www.thivien.net/Nguy%E1%BB%85n-Bao/6/poem-M4Fyj1emrqSmc3zJaz-UaA
138,Hãm lại những dân lành,[Thông tin 1 nguồn tham khảo đã được ẩn],Thơ mới năm chữ,"Nó lao mình, xé nước
Sóng cao vượt mái nhà
Mặt biển xanh nhàu nát",https://www.thivien.net/Nguy%E1%BB%85n-Bao/6/poem-M4Fyj1emrqSmc3zJaz-UaA
139,"Trong gió giật, mưa sa",[Thông tin 1 nguồn tham khảo đã được ẩn],Thơ mới năm chữ,"Gặp bóng thuyền ra khơi
Vội quẫy đuôi dậy sóng
Thuyền đắm, xác dân chài",https://www.thivien.net/Nguy%E1%BB%85n-Bao/6/poem-M4Fyj1emrqSmc3zJaz-UaA
140,Thành mồi ngon căng bụng,[Thông tin 1 nguồn tham khảo đã được ẩn],Thơ mới năm chữ,"Chuyến thuyền về chiều nay
Mất cả người lẫn cá
Sóng đánh giạt vào đây",https://www.thivien.net/Nguy%E1%BB%85n-Bao/6/poem-M4Fyj1emrqSmc3zJaz-UaA
141,"Mảnh ván thuyền nát vỡ!""",[Thông tin 1 nguồn tham khảo đã được ẩn],Thơ mới năm chữ,"Nghe ông già kể xong
Long Quân bao căm uất
Thương dân, đau quặn lòng
Vua quyết trừ quái vật!",https://www.thivien.net/Nguy%E1%BB%85n-Bao/6/poem-M4Fyj1emrqSmc3zJaz-UaA
142,Mây che một khung trời,Bếp lửa là tên bài thơ của nhà thơ Bằng Việt.,Thơ mới năm chữ,"Đất sau mưa hỡi đất
Màu mỡ trôi về đâu
Còn trơ chiếc guốc võng
Trăng mài mòn canh thâu.",https://www.thivien.net/Xu%C3%A2n-S%C3%A1ch/63/poem-0gB2QPxg08t-iohUs4I3NA
143,Đời mày vẫn gieo neo,,Thơ mới năm chữ,"Còn cái lão Bá Kiến
Đục bản in thơ mày
Bao giờ mày say rượu
Bao giờ thì ra tay.",https://www.thivien.net/Xu%C3%A2n-S%C3%A1ch/75/poem-rYWGbQo1lS_p0M3lVv0bEQ
144,Trắng trong quần áo trắng,8,Thơ mới năm chữ,"Thời gian cứ trôi nhanh
Từng giây như thúc giục
Tâm trí anh dồn dập",https://www.thivien.net/T%E1%BA%BF-Hanh/9-ph%C3%BAt-t%E1%BA%A5n-c%C3%B4ng/poem-b1TOfpmE54VbCAcwUGUx0g
145,Trận tấn công cuối cùng,8,Thơ mới năm chữ,"Đôi mắt anh chan chứa
Một tình yêu nồng nàn
Yêu quê hương xứ sở
Yêu tổ quốc Việt Nam
Cháy lên như ngọn lửa
Đốt trụi cả loài gian
Ôi tương lai rực rỡ",https://www.thivien.net/T%E1%BA%BF-Hanh/9-ph%C3%BAt-t%E1%BA%A5n-c%C3%B4ng/poem-b1TOfpmE54VbCAcwUGUx0g
146,Trong một ánh hào quang,8,Thơ mới năm chữ,"Giọng nói anh dâng cao
Một niềm tin mãnh liệt
Tin đồng chí đồng bào
Tin Bác Hồ tha thiết
Mạnh như ngọn sóng trào
Nhận chìm bầy rắn rết
Mang sức sống tự hào",https://www.thivien.net/T%E1%BA%BF-Hanh/9-ph%C3%BAt-t%E1%BA%A5n-c%C3%B4ng/poem-b1TOfpmE54VbCAcwUGUx0g
147,Vượt qua đầu cái chết,8,Thơ mới năm chữ,"9 giờ 59 phút
Ngày 15 tháng mười
Trong 9 phút ngắn ngủi
Anh đã thắng quân thù
Hình ảnh Nguyễn Văn Trỗi
Thành cờ mọc khắp nơi
Hãy nhớ lấy lời tôi
Thành tiếng ca muôn đời",https://www.thivien.net/T%E1%BA%BF-Hanh/9-ph%C3%BAt-t%E1%BA%A5n-c%C3%B4ng/poem-b1TOfpmE54VbCAcwUGUx0g
